Nucleotide,Sequence,Modified_effective_depth,Modified_rate
1,g,0,nan
2,g,0,nan
3,u,0,nan
4,g,0,nan
5,u,0,nan
6,a,0,nan
7,a,0,nan
8,g,0,nan
9,g,0,nan
10,g,0,nan
11,u,0,nan
12,g,0,nan
13,a,0,nan
14,a,0,nan
15,g,0,nan
16,u,0,nan
17,g,0,nan
18,u,0,nan
19,a,0,nan
20,A,14,0.000000
21,G,30,0.000000
22,G,31,0.000000
23,U,250192,0.000000
24,U,256941,0.001386
25,G,257019,0.002070
26,A,255540,0.014933
27,A,253789,0.016628
28,C,252379,0.022427
29,U,253252,0.000912
30,U,253814,0.001158
31,U,255269,0.001457
32,U,257006,0.001167
33,G,256705,0.003599
34,A,256471,0.017133
35,A,254882,0.014846
36,U,254811,0.001197
37,A,255657,0.016909
38,G,255325,0.001782
39,U,257602,0.001790
40,G,255856,0.003701
41,A,256222,0.019413
42,U,254557,0.001658
43,U,254681,0.001814
44,C,254458,0.022251
45,A,256176,0.017527
46,G,257445,0.003375
47,G,256884,0.002947
48,A,251203,0.015720
49,G,251112,0.004054
50,G,251782,0.001883
51,U,251466,0.001074
52,U,256785,0.001573
53,A,256722,0.016263
54,A,257101,0.014593
55,U,257872,0.003226
56,G,258442,0.004430
57,G,257718,0.000000
58,A,0,nan
59,A,0,nan
60,G,0,nan
61,u,0,nan
62,a,0,nan
63,a,0,nan
64,a,0,nan
65,g,0,nan
66,g,0,nan
67,u,0,nan
68,a,0,nan
69,a,0,nan
70,u,0,nan
71,g,0,nan
72,a,0,nan
73,a,0,nan
74,g,0,nan
75,g,0,nan
76,u,0,nan
77,g,0,nan
78,a,0,nan
79,a,0,nan
80,g,0,nan
