Nucleotide,Sequence,Modified_effective_depth,Modified_rate
1,g,0,nan
2,g,0,nan
3,u,0,nan
4,g,0,nan
5,u,0,nan
6,a,0,nan
7,a,0,nan
8,g,0,nan
9,g,0,nan
10,g,0,nan
11,u,0,nan
12,g,0,nan
13,a,0,nan
14,a,0,nan
15,g,0,nan
16,u,0,nan
17,g,0,nan
18,u,0,nan
19,a,0,nan
20,A,14,0.000000
21,G,28,0.000000
22,G,30,0.000000
23,U,235663,0.000000
24,U,242597,0.000981
25,G,242975,0.002190
26,A,241838,0.007608
27,A,240278,0.008773
28,C,238843,0.011840
29,U,239308,0.000903
30,U,239763,0.000984
31,U,241342,0.001268
32,U,242840,0.000914
33,G,242577,0.005850
34,A,242366,0.009601
35,A,240916,0.008032
36,U,240791,0.000880
37,A,241614,0.009714
38,G,241279,0.001533
39,U,243310,0.001636
40,G,241964,0.004050
41,A,242571,0.011865
42,U,241007,0.001747
43,U,240911,0.001623
44,C,241025,0.013272
45,A,242540,0.010077
46,G,243719,0.004784
47,G,243110,0.003928
48,A,237451,0.008793
49,G,237368,0.005654
50,G,237890,0.001475
51,U,237553,0.000749
52,U,242881,0.001231
53,A,243093,0.008441
54,A,243222,0.007709
55,U,243697,0.003266
56,G,243923,0.006412
57,G,243547,0.000000
58,A,0,nan
59,A,0,nan
60,G,0,nan
61,u,0,nan
62,a,0,nan
63,a,0,nan
64,a,0,nan
65,g,0,nan
66,g,0,nan
67,u,0,nan
68,a,0,nan
69,a,0,nan
70,u,0,nan
71,g,0,nan
72,a,0,nan
73,a,0,nan
74,g,0,nan
75,g,0,nan
76,u,0,nan
77,g,0,nan
78,a,0,nan
79,a,0,nan
80,g,0,nan
