Nucleotide,Sequence,Modified_effective_depth,Modified_rate
1,g,0,nan
2,g,0,nan
3,u,0,nan
4,g,0,nan
5,u,0,nan
6,a,0,nan
7,a,0,nan
8,g,0,nan
9,g,0,nan
10,g,0,nan
11,u,0,nan
12,g,0,nan
13,a,0,nan
14,a,0,nan
15,g,0,nan
16,u,0,nan
17,g,0,nan
18,u,0,nan
19,a,0,nan
20,A,14,0.000000
21,G,28,0.000000
22,G,30,0.000000
23,U,238376,0.000000
24,U,245373,0.001157
25,G,245760,0.002531
26,A,244624,0.009030
27,A,243053,0.010072
28,C,241598,0.013452
29,U,242059,0.001008
30,U,242517,0.001080
31,U,244110,0.001381
32,U,245618,0.001063
33,G,245352,0.006383
34,A,245150,0.010985
35,A,243692,0.008938
36,U,243564,0.001018
37,A,244388,0.010884
38,G,244048,0.001684
39,U,246084,0.001751
40,G,244728,0.004384
41,A,245344,0.013002
42,U,243763,0.001899
43,U,243665,0.001814
44,C,243783,0.014747
45,A,245319,0.011218
46,G,246503,0.005339
47,G,245891,0.004364
48,A,240234,0.009907
49,G,240146,0.006329
50,G,240660,0.001704
51,U,240316,0.000853
52,U,245636,0.001384
53,A,245860,0.009745
54,A,245998,0.008740
55,U,246479,0.003745
56,G,246710,0.007503
57,G,246336,0.000000
58,A,0,nan
59,A,0,nan
60,G,0,nan
61,u,0,nan
62,a,0,nan
63,a,0,nan
64,a,0,nan
65,g,0,nan
66,g,0,nan
67,u,0,nan
68,a,0,nan
69,a,0,nan
70,u,0,nan
71,g,0,nan
72,a,0,nan
73,a,0,nan
74,g,0,nan
75,g,0,nan
76,u,0,nan
77,g,0,nan
78,a,0,nan
79,a,0,nan
80,g,0,nan
