Nucleotide,Sequence,Modified_effective_depth,Modified_rate
1,g,0,nan
2,g,0,nan
3,u,0,nan
4,g,0,nan
5,u,0,nan
6,a,0,nan
7,a,0,nan
8,g,0,nan
9,g,0,nan
10,g,0,nan
11,u,0,nan
12,g,0,nan
13,a,0,nan
14,a,0,nan
15,g,0,nan
16,u,0,nan
17,g,0,nan
18,u,0,nan
19,a,0,nan
20,A,0,nan
21,G,0,nan
22,G,0,nan
23,U,9511,0.000000
24,U,9782,0.001840
25,G,9790,0.002451
26,A,9747,0.008618
27,A,9701,0.011030
28,C,9652,0.013883
29,U,9662,0.001035
30,U,9677,0.000930
31,U,9724,0.001234
32,U,9795,0.000715
33,G,9771,0.007471
34,A,9767,0.010546
35,A,9718,0.010084
36,U,9716,0.001029
37,A,9743,0.010264
38,G,9740,0.000821
39,U,9808,0.000918
40,G,9767,0.004300
41,A,9791,0.012971
42,U,9724,0.002571
43,U,9695,0.001753
44,C,9709,0.015141
45,A,9764,0.010651
46,G,9824,0.004682
47,G,9803,0.003876
48,A,9570,0.009613
49,G,9577,0.005847
50,G,9598,0.001563
51,U,9582,0.000939
52,U,9797,0.001429
53,A,9804,0.011118
54,A,9798,0.007348
55,U,9811,0.003262
56,G,9813,0.006930
57,G,9804,0.000000
58,A,0,nan
59,A,0,nan
60,G,0,nan
61,u,0,nan
62,a,0,nan
63,a,0,nan
64,a,0,nan
65,g,0,nan
66,g,0,nan
67,u,0,nan
68,a,0,nan
69,a,0,nan
70,u,0,nan
71,g,0,nan
72,a,0,nan
73,a,0,nan
74,g,0,nan
75,g,0,nan
76,u,0,nan
77,g,0,nan
78,a,0,nan
79,a,0,nan
80,g,0,nan
